Method,Churn,Seeds,Seed List,reward_mean,reward_std,p2p_mean,p2p_std,grid_buy_mean,grid_buy_std,carbon_load_mean,carbon_load_std,agents_mean,agents_std
Full,0.1,3,"42,43,44",74.11051802239906,1.629614928554402,39.773785322174554,29.124079324718924,1535.8106681822858,23.753376351399723,1148.9034439824184,16.684006324513227,22.947916666666668,3.552713678800501e-15
Full,0.2,3,"42,43,44",73.41633776052464,1.635242352587246,35.01727719924576,25.67637542403702,1292.3237543368932,21.43274095027321,979.121137943569,15.06297305966241,19.795833333333334,0.0
Full,0.3,3,"42,43,44",76.2953677697614,1.5057803430576824,35.15476290463767,25.869559214965697,1419.4424376555296,19.756875313893822,1069.6750006466593,13.905018148003522,21.429166666666664,3.552713678800501e-15
Mask ObsOnly,0.1,3,"42,43,44",72.83515252871784,1.1033445148161791,22.827620723028417,19.780939633699184,1554.6634274534135,16.151038462399338,1161.6559477022254,11.414187859037053,22.947916666666668,3.552713678800501e-15
Mask ObsOnly,0.2,3,"42,43,44",72.27793440294893,1.0835258617221104,20.63222492345722,17.295075115512542,1306.9332763834398,13.82096391583948,989.2299132908707,9.81838168373689,19.795833333333334,0.0
Mask ObsOnly,0.3,3,"42,43,44",75.1366441016558,0.9924969091225222,20.278344480840243,17.198427229940116,1434.737482435703,12.858232106255373,1079.8436349699448,9.13213452407909,21.429166666666664,3.552713678800501e-15
