{
  "final_window": 100,
  "runs": [
    {
      "seed": "Seed 42",
      "episodes": 10000,
      "final_window": 100,
      "reward_final100_mean": 72.96210146903991,
      "reward_final100_std": 0.36458782621798613,
      "reward_last": 73.25099668502807,
      "p2p_final100_mean": 0.10641824919010069,
      "p2p_final100_std": 0.00754046466926555,
      "p2p_last": 0.10398888006766481,
      "grid_buy_final100_mean": 2.779279209585227,
      "grid_buy_final100_std": 0.012323459939223583,
      "grid_buy_last": 2.7669055195947,
      "grid_sell_final100_mean": 0.2055941080491512,
      "grid_sell_final100_std": 0.012010282265535526,
      "grid_sell_last": 0.1958532006054311,
      "carbon_load_final100_mean": 2.0542727554470024,
      "carbon_load_final100_std": 0.007283107669362438,
      "carbon_load_last": 2.045346802078379
    },
    {
      "seed": "Seed 43",
      "episodes": 10000,
      "final_window": 100,
      "reward_final100_mean": 73.2253997827106,
      "reward_final100_std": 0.3156742189448099,
      "reward_last": 73.33276686138576,
      "p2p_final100_mean": 0.1133252302317595,
      "p2p_final100_std": 0.012741578684952192,
      "p2p_last": 0.12781624974685826,
      "grid_buy_final100_mean": 2.7724367124286484,
      "grid_buy_final100_std": 0.010355260823795332,
      "grid_buy_last": 2.759548430203159,
      "grid_sell_final100_mean": 0.19435786342878264,
      "grid_sell_final100_std": 0.009014176637079978,
      "grid_sell_last": 0.18255046107921666,
      "carbon_load_final100_mean": 2.0487572957472704,
      "carbon_load_final100_std": 0.006727998147190989,
      "carbon_load_last": 2.0403947472029653
    },
    {
      "seed": "Seed 44",
      "episodes": 10000,
      "final_window": 100,
      "reward_final100_mean": 76.85742514186435,
      "reward_final100_std": 0.28675191847549125,
      "reward_last": 76.83705931769477,
      "p2p_final100_mean": 0.38205783185096764,
      "p2p_final100_std": 0.016936667708446894,
      "p2p_last": 0.3963410259145291,
      "grid_buy_final100_mean": 2.6791455280113046,
      "grid_buy_final100_std": 0.010337748973675929,
      "grid_buy_last": 2.678267504836203,
      "grid_sell_final100_mean": 0.1055535997425191,
      "grid_sell_final100_std": 0.009945848471991274,
      "grid_sell_last": 0.1085493717608876,
      "carbon_load_final100_mean": 1.9805766293926237,
      "carbon_load_final100_std": 0.006416923397140552,
      "carbon_load_last": 1.9812476122615725
    }
  ],
  "aggregate": {
    "seed": "Mean ? Std (across seeds)",
    "episodes": 10000,
    "final_window": 100,
    "reward_final100_mean": 74.34830879787162,
    "reward_final100_std": 1.7774663843542504,
    "reward_last": 74.47360762136952,
    "p2p_final100_mean": 0.20060043709094258,
    "p2p_final100_std": 0.1283407344574048,
    "p2p_last": 0.20938205190968406,
    "grid_buy_final100_mean": 2.743620483341726,
    "grid_buy_final100_std": 0.04567617789380209,
    "grid_buy_last": 2.734907151544687,
    "grid_sell_final100_mean": 0.1685018570734843,
    "grid_sell_final100_std": 0.04474688535936516,
    "grid_sell_last": 0.16231767781517845,
    "carbon_load_final100_mean": 2.0278688935289653,
    "carbon_load_final100_std": 0.033516401549897754,
    "carbon_load_last": 2.0223297205143056
  }
}