method,method_label,agent_count_points,reward_mean,reward_std,p2p_mean,p2p_std,grid_trade_mean,grid_trade_std,carbon_mean,carbon_std
full,Full,30,87.13547925351506,1.377783892705795,0.000111373310074628,9.783029334035175e-05,3.1341668954438062,0.048824058493437926,1.7652523757625473,0.029307697537107907
cmtm_stateless,CMTM Stateless,30,87.66224986739559,1.48055237930412,0.0,0.0,3.1919345372799977,0.051340700513459375,1.7538111371898781,0.027314020016581248
mask_obs_only,Mask ObsOnly,30,87.85156400771372,1.439276196324358,0.0,0.0,3.1696511377641103,0.05419486417479927,1.7501446259321705,0.03040659283665399
direct_max,Direct Max Scale,30,92.268022783526,2.4414219131863133,0.19411212889591037,0.053721789653419276,2.9808067509224117,0.08658154916208144,1.6645455081643503,0.060320739256950036
