method,method_label,active_agent_count,seed_count,eval_episodes_per_seed,reward_mean,reward_std,p2p_mean,p2p_std,grid_buy_mean,grid_buy_std,grid_sell_mean,grid_sell_std,grid_trade_mean,grid_trade_std,carbon_mean,carbon_std
full,Full,29,3,1,75.328642205717,1.313886066584109,0.1402698013951739,0.12187407147030295,2.7769509655702307,0.03483827870648132,0.13489482348030488,0.03204249652485311,2.911845789050536,0.06687413718587626,2.0498064371118208,0.02539286777705876
full,Full,30,3,1,74.26460483692311,1.8159096719433085,0.17471550938539193,0.16196213628311654,2.7490210003252282,0.04843762866728444,0.17371181559236096,0.045951872406131515,2.922732815917589,0.0943894231217211,2.0258433221641887,0.03500354824591899
cmtm_stateless,CMTM Stateless,29,3,1,75.30124702307457,2.457624635087911,0.20340114160125725,0.06473795330567708,2.7833117986070843,0.077503811471747,0.13940193890624925,0.07514497469242146,2.922713737513334,0.15264077093365433,2.050505667787283,0.047670535819262186
cmtm_stateless,CMTM Stateless,30,3,1,76.10713506627967,1.62695829301419,0.283157195348105,0.0803906791480696,2.7194528126820443,0.06449522592560643,0.12043181188832712,0.04633736238183358,2.8398846245703715,0.10978879234279121,1.9902380028575342,0.03146546307529904
mask_obs_only,Mask ObsOnly,29,3,1,75.85319783587109,1.6649242801373674,0.17111491394353073,0.12048392227596606,2.7620544547535792,0.0458855663481565,0.11918824118692883,0.04365281847734076,2.8812426959405077,0.08953792801922868,2.0394530271196825,0.03203606634671176
mask_obs_only,Mask ObsOnly,30,3,1,75.26200016163013,2.0820480611269345,0.2357682165693397,0.14420169869002022,2.7212276263096946,0.05711327087813753,0.14591885025992654,0.05507461346209648,2.867146476569621,0.11217166028048302,2.0064035551266723,0.04010365981855015
direct_max,Direct Max Scale,29,3,1,76.29243362543684,1.5262601424162279,0.19583866611060272,0.09905509318452843,2.7520640255489273,0.040619412489527044,0.10170417201225408,0.04023037256016809,2.853768197561181,0.08079188125064338,2.0306943857889372,0.029735155282319257
direct_max,Direct Max Scale,30,3,1,75.89894104003906,1.8790485945897746,0.2673901662477374,0.11233955800695072,2.70451109801123,0.05097153553418201,0.12555989099688877,0.054431804993288174,2.8300709890081186,0.10540014551920975,1.994231470758498,0.036565490724468484
