method,method_label,agent_count_points,reward_mean,reward_std,p2p_mean,p2p_std,grid_trade_mean,grid_trade_std,carbon_mean,carbon_std
full,Full,2,74.79662352132006,0.7523880389100512,0.1574926553902829,0.024356793702654818,2.9172893024840625,0.007698290524653236,2.0378248796380047,0.016944481077823332
cmtm_stateless,CMTM Stateless,2,75.70419104467712,0.5698489002274845,0.24327916847468112,0.056396046445074816,2.881299181041853,0.05856902744163511,2.0203718353224085,0.04261567455810411
mask_obs_only,Mask ObsOnly,2,75.5575989987506,0.4180398844774978,0.2034415652564352,0.04571678871281553,2.874194586255064,0.009967532306247136,2.0229282911231774,0.023369505760892334
direct_max,Direct Max Scale,2,76.09568733273795,0.27824127548139704,0.23161441617917006,0.05059455095103814,2.8419195932846497,0.01675645686306216,2.0124629282737176,0.025783174479852438
