{
  "runs": [
    {
      "run": "full_multiseed5000_tuned_seed42_20260415",
      "seed": 42,
      "thread_level_episode_summaries": 20000,
      "training_iterations": 5000,
      "mean_reward": 71.94912157300095,
      "final100_reward": 72.57447105704414,
      "final100_p2p_volume_mean_active": 0.019413640589777948,
      "final100_grid_buy_mean_active": 2.7957735830752393,
      "final100_grid_sell_mean_active": 0.2193615930419126,
      "final100_carbon_responsibility_last_mean": 2.026944483317354
    },
    {
      "run": "full_multiseed5000_tuned_seed43_20260415",
      "seed": 43,
      "thread_level_episode_summaries": 20000,
      "training_iterations": 5000,
      "mean_reward": 73.65801959166241,
      "final100_reward": 74.25626343493991,
      "final100_p2p_volume_mean_active": 0.16372677932671123,
      "final100_grid_buy_mean_active": 2.755940341415969,
      "final100_grid_sell_mean_active": 0.18022389213764684,
      "final100_carbon_responsibility_last_mean": 1.9968721514718168
    },
    {
      "run": "full_multiseed5000_tuned_seed44_20260415",
      "seed": 44,
      "thread_level_episode_summaries": 20000,
      "training_iterations": 5000,
      "mean_reward": 71.01027848798404,
      "final100_reward": 71.69055585098266,
      "final100_p2p_volume_mean_active": 0.020884979930798294,
      "final100_grid_buy_mean_active": 2.8236571726386783,
      "final100_grid_sell_mean_active": 0.24884599039072458,
      "final100_carbon_responsibility_last_mean": 2.0445229912184133
    }
  ],
  "aggregate": {
    "final100_reward": {
      "mean": 72.84043011432225,
      "std": 1.0641943797086217
    },
    "final100_p2p_volume_mean_active": {
      "mean": 0.06800846661576249,
      "std": 0.06768573336155528
    },
    "final100_grid_buy_mean_active": {
      "mean": 2.791790365709962,
      "std": 0.027788388739969614
    },
    "final100_grid_sell_mean_active": {
      "mean": 0.21614382519009467,
      "std": 0.028107100106852106
    },
    "final100_carbon_responsibility_last_mean": {
      "mean": 2.0227798753358615,
      "std": 0.019675002784728106
    }
  }
}