method,method_label,scenario_count,reward_mean,reward_std,p2p_mean,p2p_std,grid_trade_mean,grid_trade_std,carbon_mean,carbon_std
full,Full,4,74.22017372520082,0.3956262534912829,0.16791945263524774,0.005911664819021899,2.8822739398684956,0.021146614976732134,2.0259029152587087,0.005501617233541005
cmtm_stateless,CMTM Stateless,4,75.09422988391646,0.2234038975211013,0.2740365300309271,0.008677123747391824,2.8517514812620717,0.013010962182445924,2.008860582834341,0.006540193541781086
mask_obs_only,Mask ObsOnly,4,75.24663407925988,0.2739133990421547,0.23905972368597567,0.004665486498919857,2.8252510452475983,0.01610406037834403,2.0058243508995823,0.0037924442776156144
direct_max,Direct Max Scale,4,75.0648468455747,0.24038097527428037,0.25611544561527944,0.008229718322207188,2.845541725689001,0.008167055199469513,2.008433882545519,0.0041647141053626855
