method,method_label,agent_count_points,reward_mean,reward_std,p2p_mean,p2p_std,grid_trade_mean,grid_trade_std,carbon_mean,carbon_std
full,Full,30,73.20575167773691,2.171401607937551,0.15888256933239872,0.04205082790800743,2.9677689395287086,0.14567641946835658,2.0466165426967584,0.059975877911928245
cmtm_stateless,CMTM Stateless,30,73.78756196364174,2.0221971152038303,0.2467490853029606,0.0674935451538631,2.9456026019503687,0.1336900983650855,2.0351739210821367,0.0607687523640253
mask_obs_only,Mask ObsOnly,30,74.53015837450987,1.4157663538735572,0.20741646630114846,0.05686494184834896,2.8895946678761693,0.10068444437845496,2.020606735243363,0.05036310424217948
direct_max,Direct Max Scale,30,74.90186776514525,1.896594562478275,0.2532699539231457,0.06651634734670336,2.8776805106167656,0.12769139751259018,2.0130378895618555,0.05623600541357115
