policy_seed,episode,checkpoint,reward_full_mean_step,reward_stateless_mean_step,load_carbon_full,load_carbon_stateless,load_carbon_gap_full_minus_stateless,storage_discharge_carbon_full,storage_discharge_carbon_stateless,storage_discharge_carbon_no_pool,omitted_storage_carbon_no_pool,storage_carbon_leakage_ratio_no_pool,p2p_mean_step,grid_trade_mean_step,carbon_settlement_full,carbon_settlement_stateless
42,0,C:\Users\23034\Desktop\论文\面向节点动态变化的P2P低碳能源安全最优交易机制研究\code2\on-policy-main\dp-lcrl-rl\runs\paper_ablation_full_10000ep_seed42_20260422\models\transformer_10000.pt,76.46031888326009,74.26219433678523,1432.9337723464678,1464.5867615783309,-31.652989231863103,84.8267372082099,119.21122951826571,0.0,84.8267372082099,1.0,0.31726663841800523,2.802950256650378,57075.46271995516,55492.813258361966
43,0,C:\Users\23034\Desktop\论文\面向节点动态变化的P2P低碳能源安全最优交易机制研究\code2\on-policy-main\dp-lcrl-rl\runs\paper_ablation_full_10000ep_seed43_20260422\models\transformer_10000.pt,74.48166698879663,72.99304610358344,1458.56640638784,1480.0025554416243,-21.43614905378422,80.98789093841773,105.57129498712845,0.0,80.98789093841773,1.0,0.17963356609316058,2.9063409036360315,55715.1366166123,54643.32916392307
44,0,C:\Users\23034\Desktop\论文\面向节点动态变化的P2P低碳能源安全最优交易机制研究\code2\on-policy-main\dp-lcrl-rl\runs\paper_ablation_full_10000ep_seed44_20260422\models\transformer_10000.pt,72.79139183892144,72.18320100572375,1482.8203042383082,1491.5782659457802,-8.757961707472077,95.57097831286475,104.95699466607583,0.0,95.57097831286475,1.0,0.01326787469322292,2.9814272979361327,54507.03544242721,54069.13735705362
