{
  "checkpoints": [
    6000,
    7000,
    8000
  ],
  "window": 100,
  "raw_rows": [
    {
      "Run": "Seed 42",
      "Checkpoint": 6000,
      "Window": 100,
      "Reward Mean": 72.3119263328976,
      "Reward Std": 0.4461663278565159,
      "P2P Mean": 0.06040242493199782,
      "P2P Std": 0.006630585002104112,
      "Grid Buy Mean": 2.796216347717147,
      "Grid Buy Std": 0.015846547980906848,
      "Grid Sell Mean": 0.21984411394427406,
      "Grid Sell Std": 0.014815086564854746,
      "Carbon Mean": 2.066253170937268,
      "Carbon Std": 0.009783690702952031,
      "Active Agents Mean": 30.0,
      "Summary JSON": "C:\\Users\\23034\\Desktop\\论文\\面向节点动态变化的P2P低碳能源安全最优交易机制研究\\code2\\on-policy-main\\dp-lcrl-rl\\runs\\full_multiseed8000_resumeanneal_seed42_20260416\\paper_training_summary.json"
    },
    {
      "Run": "Seed 42",
      "Checkpoint": 7000,
      "Window": 100,
      "Reward Mean": 72.8624932615492,
      "Reward Std": 0.2896955091442592,
      "P2P Mean": 0.04641095118729685,
      "P2P Std": 0.007277195580246044,
      "Grid Buy Mean": 2.7797781379785698,
      "Grid Buy Std": 0.011911888890809219,
      "Grid Sell Mean": 0.19901653473021796,
      "Grid Sell Std": 0.010022657232151807,
      "Carbon Mean": 2.055394030410117,
      "Carbon Std": 0.006715161368337568,
      "Active Agents Mean": 30.0,
      "Summary JSON": "C:\\Users\\23034\\Desktop\\论文\\面向节点动态变化的P2P低碳能源安全最优交易机制研究\\code2\\on-policy-main\\dp-lcrl-rl\\runs\\full_multiseed8000_resumeanneal_seed42_20260416\\paper_training_summary.json"
    },
    {
      "Run": "Seed 42",
      "Checkpoint": 8000,
      "Window": 100,
      "Reward Mean": 72.56915976047516,
      "Reward Std": 0.31623970227619175,
      "P2P Mean": 0.04412711163107718,
      "P2P Std": 0.009095911407730792,
      "Grid Buy Mean": 2.785574689256583,
      "Grid Buy Std": 0.010826078055558502,
      "Grid Sell Mean": 0.20963395166456292,
      "Grid Sell Std": 0.010532046360868177,
      "Carbon Mean": 2.06111945608435,
      "Carbon Std": 0.006777520788459518,
      "Active Agents Mean": 30.0,
      "Summary JSON": "C:\\Users\\23034\\Desktop\\论文\\面向节点动态变化的P2P低碳能源安全最优交易机制研究\\code2\\on-policy-main\\dp-lcrl-rl\\runs\\full_multiseed8000_resumeanneal_seed42_20260416\\paper_training_summary.json"
    },
    {
      "Run": "Seed 43",
      "Checkpoint": 6000,
      "Window": 100,
      "Reward Mean": 73.25936607964833,
      "Reward Std": 0.4608402044674541,
      "P2P Mean": 0.11905738535886785,
      "P2P Std": 0.00965773654974209,
      "Grid Buy Mean": 2.7706109703132786,
      "Grid Buy Std": 0.013321354826899518,
      "Grid Sell Mean": 0.1972262109022244,
      "Grid Sell Std": 0.014767501117497887,
      "Carbon Mean": 2.048322999927617,
      "Carbon Std": 0.009241139616258187,
      "Active Agents Mean": 30.0,
      "Summary JSON": "C:\\Users\\23034\\Desktop\\论文\\面向节点动态变化的P2P低碳能源安全最优交易机制研究\\code2\\on-policy-main\\dp-lcrl-rl\\runs\\full_multiseed8000_resumeanneal_seed43_20260416\\paper_training_summary.json"
    },
    {
      "Run": "Seed 43",
      "Checkpoint": 7000,
      "Window": 100,
      "Reward Mean": 75.012251698388,
      "Reward Std": 0.4118415363765014,
      "P2P Mean": 0.19802866686932583,
      "P2P Std": 0.01932004955082612,
      "Grid Buy Mean": 2.7224075224947035,
      "Grid Buy Std": 0.01290846655189279,
      "Grid Sell Mean": 0.14454576800468555,
      "Grid Sell Std": 0.011737246298305451,
      "Carbon Mean": 2.0154043308814042,
      "Carbon Std": 0.008444779164146654,
      "Active Agents Mean": 30.0,
      "Summary JSON": "C:\\Users\\23034\\Desktop\\论文\\面向节点动态变化的P2P低碳能源安全最优交易机制研究\\code2\\on-policy-main\\dp-lcrl-rl\\runs\\full_multiseed8000_resumeanneal_seed43_20260416\\paper_training_summary.json"
    },
    {
      "Run": "Seed 43",
      "Checkpoint": 8000,
      "Window": 100,
      "Reward Mean": 74.56524954414368,
      "Reward Std": 0.28095616335425355,
      "P2P Mean": 0.18610659700834106,
      "P2P Std": 0.008698989055418072,
      "Grid Buy Mean": 2.7362633449252822,
      "Grid Buy Std": 0.009477426399179001,
      "Grid Sell Mean": 0.15587281818069865,
      "Grid Sell Std": 0.008362053523435383,
      "Carbon Mean": 2.023306976957654,
      "Carbon Std": 0.0060883517681118975,
      "Active Agents Mean": 30.0,
      "Summary JSON": "C:\\Users\\23034\\Desktop\\论文\\面向节点动态变化的P2P低碳能源安全最优交易机制研究\\code2\\on-policy-main\\dp-lcrl-rl\\runs\\full_multiseed8000_resumeanneal_seed43_20260416\\paper_training_summary.json"
    },
    {
      "Run": "Seed 44",
      "Checkpoint": 6000,
      "Window": 100,
      "Reward Mean": 77.15936871231928,
      "Reward Std": 0.32886760192289677,
      "P2P Mean": 0.3286131488384179,
      "P2P Std": 0.013724550808232898,
      "Grid Buy Mean": 2.6696866074523133,
      "Grid Buy Std": 0.011351000954614299,
      "Grid Sell Mean": 0.08917092109966697,
      "Grid Sell Std": 0.009460536452775503,
      "Carbon Mean": 1.9746387357328912,
      "Carbon Std": 0.006976450088409791,
      "Active Agents Mean": 30.0,
      "Summary JSON": "C:\\Users\\23034\\Desktop\\论文\\面向节点动态变化的P2P低碳能源安全最优交易机制研究\\code2\\on-policy-main\\dp-lcrl-rl\\runs\\full_multiseed8000_resumeanneal_seed44_20260416\\paper_training_summary.json"
    },
    {
      "Run": "Seed 44",
      "Checkpoint": 7000,
      "Window": 100,
      "Reward Mean": 75.46910876067481,
      "Reward Std": 0.3082116239146461,
      "P2P Mean": 0.2768174858165144,
      "P2P Std": 0.01369622749679858,
      "Grid Buy Mean": 2.719833112412983,
      "Grid Buy Std": 0.009590412918742533,
      "Grid Sell Mean": 0.13851525050113211,
      "Grid Sell Std": 0.010127851886773018,
      "Carbon Mean": 2.0063847882287154,
      "Carbon Std": 0.006641421374080911,
      "Active Agents Mean": 30.0,
      "Summary JSON": "C:\\Users\\23034\\Desktop\\论文\\面向节点动态变化的P2P低碳能源安全最优交易机制研究\\code2\\on-policy-main\\dp-lcrl-rl\\runs\\full_multiseed8000_resumeanneal_seed44_20260416\\paper_training_summary.json"
    },
    {
      "Run": "Seed 44",
      "Checkpoint": 8000,
      "Window": 100,
      "Reward Mean": 74.13163613594902,
      "Reward Std": 0.4943909164507041,
      "P2P Mean": 0.1894202491869852,
      "P2P Std": 0.009382773356070118,
      "Grid Buy Mean": 2.7521329330069113,
      "Grid Buy Std": 0.014863278606757372,
      "Grid Sell Mean": 0.17259174949055808,
      "Grid Sell Std": 0.0146826961178453,
      "Carbon Mean": 2.031081666953515,
      "Carbon Std": 0.009515619176493309,
      "Active Agents Mean": 30.0,
      "Summary JSON": "C:\\Users\\23034\\Desktop\\论文\\面向节点动态变化的P2P低碳能源安全最优交易机制研究\\code2\\on-policy-main\\dp-lcrl-rl\\runs\\full_multiseed8000_resumeanneal_seed44_20260416\\paper_training_summary.json"
    }
  ],
  "aggregate_rows": [
    {
      "Checkpoint": 6000,
      "Reward Mean": 74.2435537082884,
      "Reward Std": 2.097759657623573,
      "P2P Mean": 0.16935765304309455,
      "P2P Std": 0.11512843784640446,
      "Grid Buy Mean": 2.7455046418275795,
      "Grid Buy Std": 0.054621055710506766,
      "Grid Sell Mean": 0.16874708198205512,
      "Grid Sell Std": 0.057021437022051535,
      "Carbon Mean": 2.0297383021992585,
      "Carbon Std": 0.03964294327027256
    },
    {
      "Checkpoint": 7000,
      "Reward Mean": 74.447951240204,
      "Reward Std": 1.1364967650343933,
      "P2P Mean": 0.17375236795771234,
      "P2P Std": 0.09561658439341894,
      "Grid Buy Mean": 2.740672924295419,
      "Grid Buy Std": 0.027671528083584328,
      "Grid Sell Mean": 0.1606925177453452,
      "Grid Sell Std": 0.027210775974881442,
      "Carbon Mean": 2.0257277165067453,
      "Carbon Std": 0.02129797600518167
    },
    {
      "Checkpoint": 8000,
      "Reward Mean": 73.75534848018928,
      "Reward Std": 0.8572389421953603,
      "P2P Mean": 0.13988465260880115,
      "P2P Std": 0.06772431893722088,
      "Grid Buy Mean": 2.757990322396259,
      "Grid Buy Std": 0.020552922383996163,
      "Grid Sell Mean": 0.1793661731119399,
      "Grid Sell Std": 0.02246455697194909,