method,method_label,scenario_count,reward_mean,reward_std,p2p_mean,p2p_std,grid_trade_mean,grid_trade_std,carbon_mean,carbon_std
full,Full,4,87.4024535777668,0.7501759094528356,0.00011444692665068477,9.49399768872074e-05,3.114543960774944,0.024566434433694127,1.7587785210922546,0.011545443869515639
cmtm_stateless,CMTM Stateless,4,87.4580126672983,0.6412204142552379,0.0,0.0,3.1773104988772127,0.030438229610785645,1.7562435444583029,0.01637998523670299
mask_obs_only,Mask ObsOnly,4,88.0342104529341,0.6244159858351203,0.0,0.0,3.1452419480489207,0.034070095721142654,1.744833123542412,0.016163804449119246
direct_max,Direct Max Scale,4,92.85871445685623,0.5247556340719391,0.2004686241177381,0.002894969771406345,2.9591768108577243,0.0336339757447721,1.6510002618818782,0.013943992684262461
