{
  "p2p_chain": {
    "num_seeds": 5,
    "total_load_carbon_full": 56.35997337666205,
    "total_load_carbon_stateless": 56.385617772222375,
    "avg_seller0_label_full": 0.35503586401464415,
    "avg_seller1_label_full": 0.699999988079071,
    "avg_seller0_label_stateless": 0.4457514244131744,
    "avg_seller1_label_stateless": 0.6717282837256789,
    "gap_seller0_mean": -0.09071556039853022,
    "gap_seller1_mean": 0.02827170435339212,
    "gap_seller0_std": 0.17309279309571873,
    "gap_seller1_std": 0.1082216494868501
  },
  "freeze_thaw": {
    "num_seeds": 5,
    "pre_freeze_carbon_mass": 8.391942488048423,
    "during_freeze_carbon_mass": 8.391942488048425,
    "post_freeze_carbon_mass": 6.623521429833585,
    "pre_freeze_storage_intensity": 0.6999999917792273,
    "post_freeze_storage_intensity": 0.6999999917792273,
    "freeze_std": 1.8724445165742407e-15,
    "freeze_preserved": true
  },
  "imbalance": {
    "num_seeds": 20,
    "initial_storage_carbon_mean": 6.719999999999999,
    "initial_storage_carbon_std": 0.0,
    "total_charge_injection_mean": 81.34736703571522,
    "total_charge_injection_std": 0.0,
    "total_discharge_removal_mean": 79.79999874973298,
    "total_discharge_removal_std": 1.4580029302424492e-14,
    "final_storage_carbon_mean": 0.0,
    "final_storage_carbon_std": 0.0,
    "total_input_mean": 88.06736703571524,
    "total_input_std": 1.4580029302424492e-14,
    "total_accounted_output_mean": 79.79999874973298,
    "total_accounted_output_std": 1.4580029302424492e-14,
    "residual_mean": 8.267368285982258,
    "residual_std": 0.0,
    "residual_pct_mean": 9.387550195101747,
    "residual_pct_std": 1.8225036628030615e-15,
    "recovery_ratio_mean": 0.9061244980489824,
    "recovery_ratio_std": 1.1390647892519134e-16
  }
}