seed,initial_storage_carbon,final_storage_carbon,source_injection,load_responsibility,charge_responsibility,storage_discharge_carbon_full,storage_discharge_carbon_no_pool,storage_discharge_energy,storage_charge_energy,omitted_storage_carbon_no_pool,storage_carbon_leakage_ratio_no_pool,delayed_carbon_recovery_ratio_full,delayed_carbon_recovery_ratio_no_pool,reward_mean
20260507,20.160000000000007,0.0,-358.3388236573494,101.1373200418724,244.04210110714564,239.39999624919884,0.0,342.0,348.63157894736844,239.39999624919884,1.0,0.9061244980489823,0.0,-1.785110680386424
20260508,20.160000000000007,0.0,-353.87601790101894,101.25531827628069,244.04210110714564,239.39999624919884,0.0,342.0,348.63157894736844,239.39999624919884,1.0,0.9061244980489823,0.0,-1.7923892861872446
20260509,20.160000000000007,0.0,-353.8118040648258,100.82094744408217,244.04210110714564,239.39999624919884,0.0,342.0,348.63157894736844,239.39999624919884,1.0,0.9061244980489823,0.0,-1.7852634768933058
