{
  "config": {
    "fixed_eval_seed": 20260415,
    "eval_episodes": 20,
    "n_eval_rollout_threads": 1,
    "num_agents": 30,
    "min_agents": 20,
    "step_churn_prob": 0.0,
    "checkpoint_episodes": [
      250,
      500,
      750,
      1000,
      1250
    ],
    "run_dirs": [
      "C:\\Users\\zrway\\Desktop\\论文-1.1\\dp-lcrl-rl 2\\dp-lcrl-rl\\runs\\paper_ablation_full_10000ep_seed42_20260430",
      "C:\\Users\\zrway\\Desktop\\论文-1.1\\dp-lcrl-rl 2\\dp-lcrl-rl\\runs\\paper_ablation_full_10000ep_seed43_20260430",
      "C:\\Users\\zrway\\Desktop\\论文-1.1\\dp-lcrl-rl 2\\dp-lcrl-rl\\runs\\paper_ablation_full_10000ep_seed44_20260430"
    ],
    "labels": [
      "Full seed42",
      "Full seed43",
      "Full seed44"
    ]
  },
  "records": [
    {
      "reward_mean": 89.17193576494853,
      "reward_std": 1.1608705561672414,
      "p2p_mean": 0.0,
      "p2p_std": 0.0,
      "grid_buy_mean": 2.8026635849261625,
      "grid_buy_std": 0.11511760990153748,
      "grid_sell_mean": 0.2255991027477556,
      "grid_sell_std": 0.022889139292378773,
      "carbon_mean": 1.7167773319489688,
      "carbon_std": 0.07147685506617169,
      "n_agents_mean": 25.15,
      "n_eval_episodes": 20,
      "run_dir": "C:\\Users\\zrway\\Desktop\\论文-1.1\\dp-lcrl-rl 2\\dp-lcrl-rl\\runs\\paper_ablation_full_10000ep_seed42_20260430",
      "label": "Full seed42",
      "checkpoint_episode": 250,
      "checkpoint_path": "C:\\Users\\zrway\\Desktop\\论文-1.1\\dp-lcrl-rl 2\\dp-lcrl-rl\\runs\\paper_ablation_full_10000ep_seed42_20260430\\models\\transformer_250.pt"
    },
    {
      "reward_mean": 89.21084896326066,
      "reward_std": 1.1712371761416562,
      "p2p_mean": 8.936514198956154e-05,
      "p2p_std": 9.78232757166512e-05,
      "grid_buy_mean": 2.8398842226057797,
      "grid_buy_std": 0.12197594276453963,
      "grid_sell_mean": 0.24452077569280437,
      "grid_sell_std": 0.020724507167362675,
      "carbon_mean": 1.7158889060524225,
      "carbon_std": 0.07186307306321102,
      "n_agents_mean": 25.15,
      "n_eval_episodes": 20,
      "run_dir": "C:\\Users\\zrway\\Desktop\\论文-1.1\\dp-lcrl-rl 2\\dp-lcrl-rl\\runs\\paper_ablation_full_10000ep_seed42_20260430",
      "label": "Full seed42",
      "checkpoint_episode": 500,
      "checkpoint_path": "C:\\Users\\zrway\\Desktop\\论文-1.1\\dp-lcrl-rl 2\\dp-lcrl-rl\\runs\\paper_ablation_full_10000ep_seed42_20260430\\models\\transformer_500.pt"
    },
    {
      "reward_mean": 88.02792057991027,
      "reward_std": 1.1882713036114885,
      "p2p_mean": 0.0,
      "p2p_std": 0.0,
      "grid_buy_mean": 2.931880405648182,
      "grid_buy_std": 0.12330138929943801,
      "grid_sell_mean": 0.29066673773123775,
      "grid_sell_std": 0.024994906956247544,
      "carbon_mean": 1.7361644390381286,
      "carbon_std": 0.07525328359901279,
      "n_agents_mean": 25.15,
      "n_eval_episodes": 20,
      "run_dir": "C:\\Users\\zrway\\Desktop\\论文-1.1\\dp-lcrl-rl 2\\dp-lcrl-rl\\runs\\paper_ablation_full_10000ep_seed42_20260430",
      "label": "Full seed42",
      "checkpoint_episode": 750,
      "checkpoint_path": "C:\\Users\\zrway\\Desktop\\论文-1.1\\dp-lcrl-rl 2\\dp-lcrl-rl\\runs\\paper_ablation_full_10000ep_seed42_20260430\\models\\transformer_750.pt"
    },
    {
      "reward_mean": 88.8742723663648,
      "reward_std": 1.2359486348071307,
      "p2p_mean": 0.0,
      "p2p_std": 0.0,
      "grid_buy_mean": 2.873679931078221,
      "grid_buy_std": 0.12101805270199968,
      "grid_sell_mean": 0.26378143983466873,
      "grid_sell_std": 0.02442638701774904,
      "carbon_mean": 1.7212075253972547,
      "carbon_std": 0.07254725809995526,
      "n_agents_mean": 25.15,
      "n_eval_episodes": 20,
      "run_dir": "C:\\Users\\zrway\\Desktop\\论文-1.1\\dp-lcrl-rl 2\\dp-lcrl-rl\\runs\\paper_ablation_full_10000ep_seed42_20260430",
      "label": "Full seed42",
      "checkpoint_episode": 1000,
      "checkpoint_path": "C:\\Users\\zrway\\Desktop\\论文-1.1\\dp-lcrl-rl 2\\dp-lcrl-rl\\runs\\paper_ablation_full_10000ep_seed42_20260430\\models\\transformer_1000.pt"
    },
    {
      "reward_mean": 88.89346350034079,
      "reward_std": 1.1924671522563643,
      "p2p_mean": 0.0,
      "p2p_std": 0.0,
      "grid_buy_mean": 2.879312713369637,
      "grid_buy_std": 0.12124417601495087,
      "grid_sell_mean": 0.2676329004065573,
      "grid_sell_std": 0.023452525818229857,
      "carbon_mean": 1.7205396367597938,
      "carbon_std": 0.07308250076872305,
      "n_agents_mean": 25.15,
      "n_eval_episodes": 20,
      "run_dir": "C:\\Users\\zrway\\Desktop\\论文-1.1\\dp-lcrl-rl 2\\dp-lcrl-rl\\runs\\paper_ablation_full_10000ep_seed42_20260430",
      "label": "Full seed42",
      "checkpoint_episode": 1250,
      "checkpoint_path": "C:\\Users\\zrway\\Desktop\\论文-1.1\\dp-lcrl-rl 2\\dp-lcrl-rl\\runs\\paper_ablation_full_10000ep_seed42_20260430\\models\\transformer_1250.pt"
    },
    {
      "reward_mean": 89.17767269810042,
      "reward_std": 1.0476191588243304,
      "p2p_mean": 0.012658770473778194,
      "p2p_std": 0.0035007451568483607,
      "grid_buy_mean": 2.799825188336997,
      "grid_buy_std": 0.11946471381192704,
      "grid_sell_mean": 0.21494908883677968,
      "grid_sell_std": 0.0204239416500988,
      "carbon_mean": 1.7162657183921517,
      "carbon_std": 0.07289800312586613,
      "n_agents_mean": 25.15,
      "n_eval_episodes": 20,
      "run_dir": "C:\\Users\\zrway\\Desktop\\论文-1.1\\dp-lcrl-rl 2\\dp-lcrl-rl\\runs\\paper_ablation_full_10000ep_seed43_20260430",
      "label": "Full seed43",
      "checkpoint_episode": 250,
      "checkpoint_path": "C:\\Users\\zrway\\Desktop\\论文-1.1\\dp-lcrl-rl 2\\dp-lcrl-rl\\runs\\paper_ablation_full_10000ep_seed43_20260430\\models\\transformer_250.pt"
    },
    {
      "reward_mean": 88.77330984870592,
      "reward_std": 1.2934197228943325,
      "p2p_mean": 1.784724655903392e-05,
      "p2p_std": 2.829420439730615e-05,
      "grid_buy_mean": 2.7867798549222798,
      "grid_buy_std": 0.1160365822517156,
      "grid_sell_mean": 0.21757169173569074,
      "grid_sell_std": 0.02303872463444629,
      "carbon_mean": 1.7250298185271251,
      "carbon_std": 0.07073545288062255,
      "n_agents_mean": 25.15,
      "n_eval_episodes": 20,
      "run_dir": "C:\\Users\\zrway\\Desktop\\论文-1.1\\dp-lcrl-rl 2\\dp-lcrl-rl\\runs\\paper_ablation_full_10000ep_seed43_20260430",
      "label": "Full seed43",
      "checkpoint_episode": 500,
      "checkpoint_path": "C:\\Users\\zrway\\Desktop\\论文-1.1\\dp-lcrl-rl 2\\dp-lcrl-rl\\runs\\paper_ablation_full_10000ep_seed43_20260430\\models\\transformer_500.pt"
    },
    {
      "reward_mean": 88.19589520593485,
      "reward_std": 1.1656073855788478,
      "p2p_mean": 0.004377253915465712,
      "p2p_std": 0.0013961490775475957,
      "grid_buy_mean": 2.7922158669415924,
      "grid_buy_std": 0.11208254422818296,
      "grid_sell_mean": 0.20732998907206315,
      "grid_sell_std": 0.024962727752869913,
      "carbon_mean": 1.7372597149892985,
      "carbon_std": 0.06977407890135442,
      "n_agents_mean": 25.15,
      "n_eval_episodes": 20,
      "run_dir": "C:\\Users\\zrway\\Desktop\\论文-1.1\\dp-lcrl-rl 2\\dp-lcrl-rl\\runs\\paper_ablation_full_10000ep_seed43_20260430",
      "label": "Full seed43",
      "checkpoint_episode": 750,
      "checkpoint_path": "C:\\Users\\zrway\\Desktop\\论文-1.1\\dp-lcrl-rl 2\\dp-lcrl-rl\\runs\\paper_ablation_full_10000ep_seed43_20260430\\models\\transformer_750.pt"
    },
    {
      "reward_mean": 89.78644893964132,
      "reward_std": 0.983646338376722,
      "p2p_mean": 0.020352230775793515,
      "p2p_std": 0.004366939814592938,
      "grid_buy_mean": 2.7897516830922617,
      "grid_buy_std": 0.11614897654304447,
      "grid_sell_mean": 0.20442244164814322,
      "grid_sell_std": 0.023787088402276793,
      "carbon_mean": 1.7053437200884995,
      "carbon_std": 0.07594982199595221,
      "n_agents_mean": 25.15,
      "n_eval_episodes": 20,