{
  "manifest": "C:\\Users\\23034\\Desktop\\论文\\面向节点动态变化的P2P低碳能源安全最优交易机制研究\\code2\\on-policy-main\\dp-lcrl-rl\\reports\\formal_ablation_3seed_20260422\\formal_ablation_manifest.json",
  "tail_window": 100,
  "smoothing_window": 100,
  "method_rows": [
    {
      "method": "Full",
      "method_key": "full",
      "seeds": "42,43,44",
      "final100_reward_mean": 73.91531219812674,
      "final100_reward_std": 1.807609620114048,
      "all_mean_reward_mean": 73.44401032694391,
      "all_mean_reward_std": 2.0864963903429263,
      "final100_p2p_mean": 0.16003843770153428,
      "final100_p2p_std": 0.12118231079975443,
      "all_mean_p2p_mean": 0.1445918898558587,
      "all_mean_p2p_std": 0.11954228459099396,
      "final100_grid_trade_mean": 2.9275394038270726,
      "final100_grid_trade_std": 0.09898408913529307,
      "all_mean_grid_trade_mean": 2.9528479808387647,
      "all_mean_grid_trade_std": 0.11680383384564386,
      "final100_carbon_resp_mean": 2.0347721330419617,
      "final100_carbon_resp_std": 0.03439290082993325,
      "all_mean_carbon_resp_mean": 2.0436150527110537,
      "all_mean_carbon_resp_std": 0.039970267842007114,
      "delta_final100_reward_vs_full_pct": 0.0,
      "delta_final100_p2p_vs_full_pct": 0.0,
      "delta_final100_grid_trade_vs_full_pct": 0.0,
      "delta_final100_carbon_resp_vs_full_pct": 0.0
    },
    {
      "method": "CMTM Stateless",
      "method_key": "cmtm_stateless",
      "seeds": "42,43,44",
      "final100_reward_mean": 77.82642480448992,
      "final100_reward_std": 0.5482252351125958,
      "all_mean_reward_mean": 76.01183027437911,
      "all_mean_reward_std": 0.7085812672156113,
      "final100_p2p_mean": 0.26874903923364707,
      "final100_p2p_std": 0.09024259325097447,
      "all_mean_p2p_mean": 0.25018649451756203,
      "all_mean_p2p_std": 0.06702959605701679,
      "final100_grid_trade_mean": 2.8508097757439486,
      "final100_grid_trade_std": 0.10577697479652377,
      "all_mean_grid_trade_mean": 2.8838471041702007,
      "all_mean_grid_trade_std": 0.0741838477607017,
      "final100_carbon_resp_mean": 1.957600011631099,
      "final100_carbon_resp_std": 0.009486644934311455,
      "all_mean_carbon_resp_mean": 1.9934568337979799,
      "all_mean_carbon_resp_std": 0.013528027081000227,
      "delta_final100_reward_vs_full_pct": 5.291342876127764,
      "delta_final100_p2p_vs_full_pct": 67.92780727768287,
      "delta_final100_grid_trade_vs_full_pct": -2.6209597036616477,
      "delta_final100_carbon_resp_vs_full_pct": -3.792666518166398
    },
    {
      "method": "Mask ObsOnly",
      "method_key": "mask_obs_only",
      "seeds": "42,43,44",
      "final100_reward_mean": 74.8022300133352,
      "final100_reward_std": 2.029561975277056,
      "all_mean_reward_mean": 74.10898141480516,
      "all_mean_reward_std": 1.6849615755065055,
      "final100_p2p_mean": 0.22605314243212193,
      "final100_p2p_std": 0.1277595795579276,
      "all_mean_p2p_mean": 0.1954674158248355,
      "all_mean_p2p_std": 0.0846420495212518,
      "final100_grid_trade_mean": 2.880345764987998,
      "final100_grid_trade_std": 0.1103512488579359,
      "all_mean_grid_trade_mean": 2.9179789984631745,
      "all_mean_grid_trade_std": 0.09772112914111644,
      "final100_carbon_resp_mean": 2.017389567519282,
      "final100_carbon_resp_std": 0.038825229302527034,
      "all_mean_carbon_resp_mean": 2.0306504990054037,
      "all_mean_carbon_resp_std": 0.032423000246989055,
      "delta_final100_reward_vs_full_pct": 1.1999108017444595,
      "delta_final100_p2p_vs_full_pct": 41.24928090944165,
      "delta_final100_grid_trade_vs_full_pct": -1.612058193900992,
      "delta_final100_carbon_resp_vs_full_pct": -0.8542757805854685
    },
    {
      "method": "Direct Max Scale",
      "method_key": "direct_max",
      "seeds": "42,43,44",
      "final100_reward_mean": 75.34477364928634,
      "final100_reward_std": 1.9206545204677707,
      "all_mean_reward_mean": 74.83709548775586,
      "all_mean_reward_std": 1.6726297131662065,
      "final100_p2p_mean": 0.2486932592027228,
      "final100_p2p_std": 0.11891245198422598,
      "all_mean_p2p_mean": 0.22233884558199213,
      "all_mean_p2p_std": 0.10494748038829406,
      "final100_grid_trade_mean": 2.845641967755686,
      "final100_grid_trade_std": 0.1062110786195478,
      "all_mean_grid_trade_mean": 2.8748739039275613,
      "all_mean_grid_trade_std": 0.09249923271842454,
      "final100_carbon_resp_mean": 2.0067378439347747,
      "final100_carbon_resp_std": 0.03755897298016411,
      "all_mean_carbon_resp_mean": 2.016599947405537,
      "all_mean_carbon_resp_std": 0.032632610794961554,
      "delta_final100_reward_vs_full_pct": 1.9339178969142254,
      "delta_final100_p2p_vs_full_pct": 55.39595535575426,
      "delta_final100_grid_trade_vs_full_pct": -2.797483646653054,
      "delta_final100_carbon_resp_vs_full_pct": -1.3777606176115662
    }
  ],
  "seed_rows": [
    {
      "method": "Full",
      "method_key": "full",
      "seed": 42,
      "experiment_name": "paper_ablation_full_10000ep_seed42_20260422",
      "final100_reward": 75.86238964430491,
      "all_mean_reward": 75.53181942590263,
      "final100_p2p": 0.28375068291827477,
      "all_mean_p2p": 0.25930673028657647,
      "final100_grid_trade": 2.820331302653528,
      "all_mean_grid_trade": 2.8345069089713375,
      "final100_carbon_resp": 1.997902998715476,
      "all_mean_carbon_resp": 2.003629244431394
    },
    {
      "method": "Full",
      "method_key": "full",
      "seed": 43,
      "experiment_name": "paper_ablation_full_10000ep_seed43_20260422",
      "final100_reward": 73.59301813157398,
      "all_mean_reward": 73.44138242737222,
      "final100_p2p": 0.15480927632492253,
      "all_mean_p2p": 0.1537230915539551,
      "final100_grid_trade": 2.946826298587409,
      "all_mean_grid_trade": 2.955985681461455,
      "final100_carbon_resp": 2.0404250012567364,
      "all_mean_carbon_resp": 2.043646151733898
    },
    {
      "method": "Full",
      "method_key": "full",
      "seed": 44,
      "experiment_name": "paper_ablation_full_10000ep_seed44_20260422",
      "final100_reward": 72.29052881850136,
      "all_mean_reward": 71.35882912755687,
      "final100_p2p": 0.04155535386140551,
      "all_mean_p2p": 0.02074584772704447,
      "final100_grid_trade": 3.015460610240281,
      "all_mean_grid_trade": 3.0680513520835,
      "final100_carbon_resp": 2.065988399153673,
      "all_mean_carbon_resp": 2.083569761967869
    },
    {
      "method": "CMTM Stateless",
      "method_key": "cmtm_stateless",
      "seed": 42,
      "experiment_name": "paper_ablation_cmtm_stateless_10000ep_seed42_20260422",
      "final100_reward": 78.03383054629963,
      "all_mean_reward": 76.09584823159793,
      "final100_p2p": 0.22396300416309725,
      "all_mean_p2p": 0.2318975989542064,
      "final100_grid_trade": 2.8908064828788635,
      "all_mean_grid_trade": 2.9259005921354686,
      "final100_carbon_resp": 1.9539352278384552,
      "all_mean_carbon_resp": 1.9915231413532242
    },
    {
      "method": "CMTM Stateless",
      "method_key": "cmtm_stateless",
      "seed": 43,
      "experiment_name": "paper_ablation_cmtm_stateless_10000ep_seed43_20260422",
      "final100_reward": 77.20475663348039,
      "all_mean_reward": 75.26498574800168,
      "final100_p2p": 0.20965964189518713,
      "all_mean_p2p": 0.19419950617296253,
      "final100_grid_trade": 2.9307562367537234,
      "all_mean_grid_trade": 2.9274490796631154,
      "final100_carbon_resp": 1.9683723952457937,
      "all_mean_carbon_resp": 2.0078476564003687
    },
    {
      "method": "CMTM Stateless",
      "method_key": "cmtm_stateless",
      "seed": 44,
      "experiment_name": "paper_ablation_cmtm_stateless_10000ep_seed44_20260422",
      "final100_reward": 78.24068723368975,
      "all_mean_reward": 76.67465684353775,
      "final100_p2p": 0.3726244716426567,
      "all_mean_p2p": 0.3244623784255172,